{"dag": [[0.0, 1.1460478507770626, 1.5739557739525463], [0.0, 0.0, 0.0], [0.0, 1.6675838545048003, 0.0], [0.3459154427459651, 0.0, -0.3775821482324015], [-0.433949207360696, 0.0, 0.48782555788472515], [0.4556778472673067, 0.0, 0.0]], "dag_est": [[0.0, 0.6673654777477183, 1.4326437357395343], [0.0, 0.0, 0.0], [0.0, 2.0894942340680607, 0.0], [0.0, -0.1532795615776748, 0.0], [0.0, 0.0, 0.9987068022957837], [0.5862460778143297, 0.37336044674208946, 0.10291784789659783]]}